ID,project,BrainMaskNVox,BrainMaskVol,BrainSegNVox,BrainSegVol,ICV
OAS1_0253_MR1_ASEG,CENTRAL_OASIS_CS,1828909.0,1828909.0,1397994.0,1397994.0,1629703.117737
OAS1_0251_MR1_ASEG,CENTRAL_OASIS_CS,1828909.0,1828909.0,1397994.0,1397994.0,1629703.117737
OAS1_0253_MR1_ASEG,CENTRAL_OASIS_CS,1828909.0,1828909.0,1397994.0,1397994.0,1629703.117737
OAS1_0252_MR1_ASEG,CENTRAL_OASIS_CS,1828909.0,1828909.0,1397994.0,1397994.0,1629703.117737
OAS1_0254_MR1_ASEG,CENTRAL_OASIS_CS,1828909.0,1828909.0,1397994.0,1397994.0,1629703.117737
OAS1_0255_MR1_ASEG,CENTRAL_OASIS_CS,1828909.0,1828909.0,1397994.0,1397994.0,1629703.117737
